message_id,timestamp_utc,text
393833,2025-09-19T03:51:34+00:00,"ðŸ“‰[Binance](https://whalebot.co/BinanceFutures) Liquidated Long on XRPUSDT @ $3.03: Sell $56,259"
393832,2025-09-19T03:51:08+00:00,"ðŸ“‰[Binance](https://whalebot.co/BinanceFutures) Liquidated Long on XRPUSDT @ $3.03: Sell $63,348"
393830,2025-09-19T03:49:22+00:00,"ðŸ“‰[Binance](https://whalebot.co/BinanceFutures) Liquidated Long on ENAUSDC @ $0.67: Sell $74,873"
393829,2025-09-19T03:42:52+00:00,"ðŸ“‰[Binance](https://whalebot.co/BinanceFutures) Liquidated Long on BTCUSDT @ $116,384: Sell $100,905"
393828,2025-09-19T03:42:51+00:00,"ðŸ“‰[Binance](https://whalebot.co/BinanceFutures) Liquidated Long on 1000PEPEUSDT @ $0.01: Sell $50,503"
393827,2025-09-19T03:42:50+00:00,"ðŸ“‰[Binance](https://whalebot.co/BinanceFutures) Liquidated Long on ARBUSDT @ $0.52: Sell $51,556"
393826,2025-09-19T03:42:49+00:00,"ðŸ“‰[Binance](https://whalebot.co/BinanceFutures) Liquidated Long on DOGEUSDT @ $0.28: Sell $54,598"
393825,2025-09-19T03:37:46+00:00,"ðŸ“‰[Binance](https://whalebot.co/BinanceFutures) Liquidated Long on ENAUSDT @ $0.68: Sell $160,962"
393824,2025-09-19T03:34:20+00:00,"ðŸ“‰[Binance](https://whalebot.co/BinanceFutures) Liquidated Long on WIFUSDT @ $0.94: Sell $51,537"
393823,2025-09-19T03:34:20+00:00,"ðŸ“‰[Binance](https://whalebot.co/BinanceFutures) Liquidated Long on AAVEUSDC @ $302: Sell $58,447"
393822,2025-09-19T03:31:56+00:00,"ðŸ“‰[Bybit](http://whalebot.co/Bybit) liquidated Long on ETHUSDT @ $4,538.77: Sell $113,469"
393821,2025-09-19T03:31:56+00:00,"ðŸ“‰[Bybit](http://whalebot.co/Bybit) liquidated Long on SHIB1000USDT @ $0.0132: Sell $66,028"
393820,2025-09-19T03:30:29+00:00,"ðŸ“‰[Binance](https://whalebot.co/BinanceFutures) Liquidated Long on WLDUSDT @ $1.55: Sell $193,296"
393819,2025-09-19T03:30:25+00:00,"ðŸ“‰[Binance](https://whalebot.co/BinanceFutures) Liquidated Long on ETHUSDT @ $4,553: Sell $52,178"
393818,2025-09-19T03:30:23+00:00,"ðŸ“‰[Bybit](http://whalebot.co/Bybit) liquidated Long on XRPUSDT @ $3.0385: Sell $61,657"
393817,2025-09-19T03:29:03+00:00,"ðŸ“‰[Binance](https://whalebot.co/BinanceFutures) Liquidated Long on NEARUSDT @ $3.20: Sell $51,325"
393816,2025-09-19T03:29:03+00:00,"ðŸ“‰[Binance](https://whalebot.co/BinanceFutures) Liquidated Long on 1000PEPEUSDT @ $0.01: Sell $155,448"
393815,2025-09-19T03:28:59+00:00,"ðŸ“‰[Bybit](http://whalebot.co/Bybit) liquidated Long on WIFUSDT @ $0.9501: Sell $72,283"
393814,2025-09-19T03:28:49+00:00,"ðŸ“‰[Bybit](http://whalebot.co/Bybit) liquidated Long on ETHUSDT @ $4,557.67: Sell $218,677"
393813,2025-09-19T03:28:49+00:00,"ðŸ“‰[Binance](https://whalebot.co/BinanceFutures) Liquidated Long on ETHUSDT @ $4,563: Sell $88,468"
393812,2025-09-19T03:28:40+00:00,"ðŸ“‰[Bybit](http://whalebot.co/Bybit) liquidated Long on ETHUSDT @ $4,561.37: Sell $224,784"
393811,2025-09-19T03:23:16+00:00,"ðŸ“ˆ[Bybit](http://whalebot.co/Bybit) liquidated Short on NEARUSDT @ $3.30: Buy $157,497"
393810,2025-09-19T03:21:37+00:00,"ðŸ“ˆ[Binance](https://whalebot.co/BinanceFutures) Liquidated Short on ETHUSDT @ $4,617: Buy $55,339"
393809,2025-09-19T02:58:52+00:00,"ðŸ“‰[Bybit](http://whalebot.co/Bybit) liquidated Long on 1000PEPEUSDT @ $0.0112: Sell $121,079"
393808,2025-09-19T02:34:37+00:00,"ðŸ“‰[Bybit](http://whalebot.co/Bybit) liquidated Long on XRPUSDT @ $3.0389: Sell $116,551"
393807,2025-09-19T02:34:36+00:00,"ðŸ“‰[Bybit](http://whalebot.co/Bybit) liquidated Long on ETHUSDT @ $4,564.76: Sell $95,677"
393806,2025-09-19T02:34:09+00:00,"ðŸ“‰[Bybit](http://whalebot.co/Bybit) liquidated Long on ADAUSDT @ $0.9178: Sell $87,626"
393805,2025-09-19T02:33:54+00:00,"ðŸ“‰[Binance](https://whalebot.co/BinanceFutures) Liquidated Long on WUSDT @ $0.11: Sell $71,264"
393804,2025-09-19T02:32:46+00:00,"ðŸ“‰[Binance](https://whalebot.co/BinanceFutures) Liquidated Long on BTCUSDT @ $116,587: Sell $69,602"
393803,2025-09-19T01:58:18+00:00,"ðŸ“ˆ[Bybit](http://whalebot.co/Bybit) liquidated Short on BTCUSDT @ $117,756.30: Buy $63,117"
393802,2025-09-19T01:56:22+00:00,"ðŸ“‰[Binance](https://whalebot.co/BinanceFutures) Liquidated Long on PUMPUSDT @ $0.01: Sell $95,304"
393801,2025-09-19T01:54:16+00:00,"ðŸ“‰[Binance](https://whalebot.co/BinanceFutures) Liquidated Long on PUMPUSDT @ $0.01: Sell $69,812"
393800,2025-09-19T01:49:21+00:00,"ðŸ“‰[Binance](https://whalebot.co/BinanceFutures) Liquidated Long on PUMPUSDT @ $0.01: Sell $58,790"
393799,2025-09-19T01:31:43+00:00,"ðŸ“ˆ[Binance](https://whalebot.co/BinanceFutures) Liquidated Short on BERAUSDT @ $2.82: Buy $58,652"
393798,2025-09-19T01:18:21+00:00,"ðŸ“ˆ[Binance](https://whalebot.co/BinanceFutures) Liquidated Short on ETHUSDT @ $4,624: Buy $174,133"
393797,2025-09-19T01:10:09+00:00,"ðŸ“‰[Binance](https://whalebot.co/BinanceFutures) Liquidated Long on SUIUSDT @ $3.83: Sell $142,850"
393796,2025-09-19T01:05:19+00:00,"ðŸ“ˆ[Bybit](http://whalebot.co/Bybit) liquidated Short on DOTUSDT @ $4.90: Buy $61,844"
393795,2025-09-19T01:01:51+00:00,"ðŸ“ˆ[Bybit](http://whalebot.co/Bybit) liquidated Short on OPUSDT @ $0.8636: Buy $105,430"
393794,2025-09-19T00:39:38+00:00,"ðŸ“ˆ[Binance](https://whalebot.co/BinanceFutures) Liquidated Short on ETHUSDT @ $4,629: Buy $145,871"
393793,2025-09-19T00:37:16+00:00,"ðŸ“ˆ[Binance](https://whalebot.co/BinanceFutures) Liquidated Short on ETHUSDT @ $4,626: Buy $88,478"
393792,2025-09-19T00:34:38+00:00,"ðŸ“ˆ[Bybit](http://whalebot.co/Bybit) liquidated Short on OPUSDT @ $0.8570: Buy $214,250"
393791,2025-09-19T00:33:46+00:00,"ðŸ“ˆ[Binance](https://whalebot.co/BinanceFutures) Liquidated Short on ETHUSDT @ $4,619: Buy $80,599"
393790,2025-09-19T00:33:25+00:00,"ðŸ“ˆ[Bybit](http://whalebot.co/Bybit) liquidated Short on DOTUSDT @ $4.69: Buy $94,395"
393789,2025-09-19T00:28:13+00:00,"ðŸ“ˆ[Binance](https://whalebot.co/BinanceFutures) Liquidated Short on ETHUSDT @ $4,617: Buy $86,509"
393788,2025-09-19T00:01:08+00:00,"ðŸ“ˆ[Binance](https://whalebot.co/BinanceFutures) Liquidated Short on DOGEUSDT @ $0.28: Buy $58,036"
393787,2025-09-19T00:01:06+00:00,"ðŸ“ˆ[Binance](https://whalebot.co/BinanceFutures) Liquidated Short on DAMUSDT @ $0.14: Buy $54,511"
393786,2025-09-18T23:31:34+00:00,"ðŸ“ˆ[Bybit](http://whalebot.co/Bybit) liquidated Short on DOGEUSDT @ $0.2800: Buy $52,374"
393785,2025-09-18T23:18:32+00:00,"ðŸ“‰[Binance](https://whalebot.co/BinanceFutures) Liquidated Long on BTCUSDC @ $116,150: Sell $77,356"
393784,2025-09-18T23:07:19+00:00,"ðŸ“‰[Binance](https://whalebot.co/BinanceFutures) Liquidated Long on ETHUSDT @ $4,556: Sell $140,938"
393783,2025-09-18T23:07:18+00:00,"ðŸ“‰[Binance](https://whalebot.co/BinanceFutures) Liquidated Long on ETHUSDC @ $4,544: Sell $1,562,791"
393782,2025-09-18T23:06:25+00:00,"ðŸ“‰[Binance](https://whalebot.co/BinanceFutures) Liquidated Long on SOLUSDT @ $245: Sell $61,248"
393781,2025-09-18T23:05:42+00:00,"ðŸ“‰[Binance](https://whalebot.co/BinanceFutures) Liquidated Long on ETHUSDT @ $4,557: Sell $51,352"
393780,2025-09-18T23:04:01+00:00,"ðŸ“‰[Binance](https://whalebot.co/BinanceFutures) Liquidated Long on SOLUSDT @ $245: Sell $87,236"
393779,2025-09-18T23:04:01+00:00,"ðŸ“‰[Binance](https://whalebot.co/BinanceFutures) Liquidated Long on ETHUSDT @ $4,559: Sell $96,218"
393778,2025-09-18T23:03:51+00:00,"ðŸ“ˆ[Bybit](http://whalebot.co/Bybit) liquidated Short on AVAXUSDT @ $35.09: Buy $69,886"
393777,2025-09-18T23:03:51+00:00,"ðŸ“‰[Bybit](http://whalebot.co/Bybit) liquidated Long on 1000PEPEUSDT @ $0.0112: Sell $56,112"
393776,2025-09-18T23:03:51+00:00,"ðŸ“‰[Binance](https://whalebot.co/BinanceFutures) Liquidated Long on ETHUSDT @ $4,565: Sell $68,483"
393775,2025-09-18T23:02:47+00:00,"ðŸ“‰[Binance](https://whalebot.co/BinanceFutures) Liquidated Long on SOLUSDT @ $244: Sell $966,577"
393774,2025-09-18T23:00:52+00:00,"ðŸ“‰[Binance](https://whalebot.co/BinanceFutures) Liquidated Long on BNBUSDT @ $975: Sell $246,237"
393773,2025-09-18T23:00:50+00:00,"ðŸ“‰[Binance](https://whalebot.co/BinanceFutures) Liquidated Long on ETHUSDT @ $4,564: Sell $70,414"
393772,2025-09-18T23:00:46+00:00,"ðŸ“‰[Bybit](http://whalebot.co/Bybit) liquidated Long on DOGEUSDT @ $0.2754: Sell $73,482"
393771,2025-09-18T23:00:32+00:00,"ðŸ“‰[Binance](https://whalebot.co/BinanceFutures) Liquidated Long on BNBUSDT @ $976: Sell $65,247"
393770,2025-09-18T23:00:16+00:00,"ðŸ“‰[Bybit](http://whalebot.co/Bybit) liquidated Long on BTCUSDT @ $116,368.70: Sell $1,163,687"
393769,2025-09-18T23:00:06+00:00,"ðŸ“‰[Binance](https://whalebot.co/BinanceFutures) Liquidated Long on BTCUSDT @ $116,496: Sell $98,905"
393768,2025-09-18T22:53:57+00:00,"ðŸ“‰[Bybit](http://whalebot.co/Bybit) liquidated Long on DOGEUSDT @ $0.2759: Sell $124,911"
393767,2025-09-18T22:52:17+00:00,"ðŸ“‰[Bybit](http://whalebot.co/Bybit) liquidated Long on XRPUSDT @ $3.0533: Sell $152,665"
393766,2025-09-18T22:52:17+00:00,"ðŸ“‰[Bybit](http://whalebot.co/Bybit) liquidated Long on DOGEUSDT @ $0.2765: Sell $85,718"
393765,2025-09-18T22:52:17+00:00,"ðŸ“‰[Bybit](http://whalebot.co/Bybit) liquidated Long on BTCUSDT @ $116,484.10: Sell $349,452"
393764,2025-09-18T22:13:15+00:00,"ðŸ“‰[Binance](https://whalebot.co/BinanceFutures) Liquidated Long on ETHUSDT @ $4,568: Sell $168,177"
393763,2025-09-18T22:13:15+00:00,"ðŸ“‰[Binance](https://whalebot.co/BinanceFutures) Liquidated Long on DOGEUSDT @ $0.28: Sell $115,305"
393762,2025-09-18T22:09:23+00:00,"ðŸ“‰[Binance](https://whalebot.co/BinanceFutures) Liquidated Long on DOGEUSDT @ $0.28: Sell $104,598"
393761,2025-09-18T22:08:29+00:00,"ðŸ“‰[Bybit](http://whalebot.co/Bybit) liquidated Long on DOGEUSDT @ $0.2776: Sell $162,663"
393760,2025-09-18T22:08:29+00:00,"ðŸ“‰[Bybit](http://whalebot.co/Bybit) liquidated Long on LTCUSDT @ $116.92: Sell $53,807"
393759,2025-09-18T22:00:28+00:00,"ðŸ“‰[Binance](https://whalebot.co/BinanceFutures) Liquidated Long on WUSDT @ $0.12: Sell $75,380"
393758,2025-09-18T20:37:18+00:00,"ðŸ“ˆ[Binance](https://whalebot.co/BinanceFutures) Liquidated Short on ETHUSDT @ $4,617: Buy $63,113"
393757,2025-09-18T20:08:33+00:00,"ðŸ“ˆ[Bybit](http://whalebot.co/Bybit) liquidated Short on AVAXUSDT @ $35.25: Buy $84,520"
393753,2025-09-18T19:49:21+00:00,"ðŸ“ˆ[Binance](https://whalebot.co/BinanceFutures) Liquidated Short on NEARUSDT @ $3.24: Buy $61,535"
393752,2025-09-18T19:37:36+00:00,"ðŸ“‰[Binance](https://whalebot.co/BinanceFutures) Liquidated Long on BTCUSDT @ $116,724: Sell $142,170"
393751,2025-09-18T19:37:36+00:00,"ðŸ“‰[Bybit](http://whalebot.co/Bybit) liquidated Long on BTCUSDT @ $116,559.80: Sell $435,584"
393750,2025-09-18T19:37:34+00:00,"ðŸ“‰[Bybit](http://whalebot.co/Bybit) liquidated Long on XRPUSDT @ $3.0651: Sell $171,744"
393749,2025-09-18T19:36:03+00:00,"ðŸ“‰[Binance](https://whalebot.co/BinanceFutures) Liquidated Long on SOLUSDT @ $246: Sell $51,638"
393748,2025-09-18T19:36:02+00:00,"ðŸ“‰[Bybit](http://whalebot.co/Bybit) liquidated Long on ETHUSDT @ $4,558.53: Sell $455,853"
393747,2025-09-18T19:35:28+00:00,"ðŸ“‰[Bybit](http://whalebot.co/Bybit) liquidated Long on XRPUSDT @ $3.0693: Sell $92,079"
393746,2025-09-18T19:34:36+00:00,"ðŸ“‰[Binance](https://whalebot.co/BinanceFutures) Liquidated Long on NEARUSDT @ $3.12: Sell $94,832"
393745,2025-09-18T19:32:52+00:00,"ðŸ“‰[Binance](https://whalebot.co/BinanceFutures) Liquidated Long on ETHUSDT @ $4,567: Sell $693,574"
393744,2025-09-18T19:23:57+00:00,"ðŸ“ˆ[Bybit](http://whalebot.co/Bybit) liquidated Short on NEARUSDT @ $3.25: Buy $204,738"
393743,2025-09-18T19:20:20+00:00,"ðŸ“‰[Binance](https://whalebot.co/BinanceFutures) Liquidated Long on SOLUSDT @ $247: Sell $177,268"
393742,2025-09-18T18:49:53+00:00,"ðŸ“ˆ[Bybit](http://whalebot.co/Bybit) liquidated Short on SOLUSDT @ $251.66: Buy $50,332"
393741,2025-09-18T18:21:59+00:00,"ðŸ“ˆ[Binance](https://whalebot.co/BinanceFutures) Liquidated Short on ADAUSDT @ $0.95: Buy $102,644"
393740,2025-09-18T18:16:24+00:00,"ðŸ“ˆ[Bybit](http://whalebot.co/Bybit) liquidated Short on BTCUSDT @ $118,465.50: Buy $80,793"
393739,2025-09-18T18:08:31+00:00,"ðŸ“ˆ[Bybit](http://whalebot.co/Bybit) liquidated Short on BTCUSDT @ $118,275.80: Buy $88,707"
393738,2025-09-18T17:49:41+00:00,"ðŸ“ˆ[Binance](https://whalebot.co/BinanceFutures) Liquidated Short on NEARUSDT @ $3.15: Buy $53,990"
393737,2025-09-18T17:30:22+00:00,"ðŸ“‰[Binance](https://whalebot.co/BinanceFutures) Liquidated Long on ETHUSDT @ $4,584: Sell $87,305"
393736,2025-09-18T17:25:20+00:00,"ðŸ“‰[Binance](https://whalebot.co/BinanceFutures) Liquidated Long on ETHUSDT @ $4,589: Sell $91,790"
393735,2025-09-18T17:21:38+00:00,"ðŸ“ˆ[Binance](https://whalebot.co/BinanceFutures) Liquidated Short on ETHUSDT @ $4,643: Buy $50,804"
393734,2025-09-18T17:11:08+00:00,"ðŸ“ˆ[Binance](https://whalebot.co/BinanceFutures) Liquidated Short on BTCUSDT @ $118,023: Buy $65,621"
393733,2025-09-18T17:11:08+00:00,"ðŸ“ˆ[Binance](https://whalebot.co/BinanceFutures) Liquidated Short on ETHUSDT @ $4,631: Buy $50,942"
393732,2025-09-18T17:10:31+00:00,"ðŸ“ˆ[Bybit](http://whalebot.co/Bybit) liquidated Short on SOLUSDT @ $253.93: Buy $50,278"
393731,2025-09-18T17:10:31+00:00,"ðŸ“ˆ[Bybit](http://whalebot.co/Bybit) liquidated Short on DOGEUSDT @ $0.2877: Buy $50,400"
393730,2025-09-18T17:10:29+00:00,"ðŸ“ˆ[Binance](https://whalebot.co/BinanceFutures) Liquidated Short on SOLUSDT @ $254: Buy $61,988"
393729,2025-09-18T17:10:23+00:00,"ðŸ“ˆ[Binance](https://whalebot.co/BinanceFutures) Liquidated Short on 1000PEPEUSDT @ $0.01: Buy $105,796"
393728,2025-09-18T17:10:22+00:00,"ðŸ“ˆ[Binance](https://whalebot.co/BinanceFutures) Liquidated Short on SOLUSDT @ $254: Buy $75,498"
393727,2025-09-18T17:05:40+00:00,"ðŸ“ˆ[Binance](https://whalebot.co/BinanceFutures) Liquidated Short on BNBUSDT @ $1,000: Buy $100,342"
393726,2025-09-18T17:05:32+00:00,"ðŸ“ˆ[Bybit](http://whalebot.co/Bybit) liquidated Short on SOLUSDT @ $252.55: Buy $50,510"
393725,2025-09-18T16:49:39+00:00,"ðŸ“ˆ[Binance](https://whalebot.co/BinanceFutures) Liquidated Short on SOLUSDT @ $251: Buy $201,509"
393724,2025-09-18T16:48:31+00:00,"ðŸ“ˆ[Binance](https://whalebot.co/BinanceFutures) Liquidated Short on SOLUSDT @ $251: Buy $150,414"
393723,2025-09-18T16:45:06+00:00,"ðŸ“ˆ[Binance](https://whalebot.co/BinanceFutures) Liquidated Short on ETHUSDT @ $4,660: Buy $2,621,387"
393722,2025-09-18T16:44:47+00:00,"ðŸ“ˆ[Bybit](http://whalebot.co/Bybit) liquidated Short on BTCUSDT @ $118,286.50: Buy $65,886"
393721,2025-09-18T16:42:39+00:00,"ðŸ“ˆ[Binance](https://whalebot.co/BinanceFutures) Liquidated Short on ETHUSDT @ $4,649: Buy $56,435"
393720,2025-09-18T16:42:38+00:00,"ðŸ“ˆ[Binance](https://whalebot.co/BinanceFutures) Liquidated Short on SOLUSDT @ $250: Buy $128,702"
393719,2025-09-18T16:41:26+00:00,"ðŸ“ˆ[Bybit](http://whalebot.co/Bybit) liquidated Short on BTCUSDT @ $118,271.70: Buy $59,136"
393718,2025-09-18T16:40:19+00:00,"ðŸ“ˆ[Binance](https://whalebot.co/BinanceFutures) Liquidated Short on ETHUSDT @ $4,644: Buy $348,565"
393717,2025-09-18T16:34:50+00:00,"ðŸ“ˆ[Bybit](http://whalebot.co/Bybit) liquidated Short on ETHUSDT @ $4,641.06: Buy $110,179"
393716,2025-09-18T16:29:02+00:00,"ðŸ“‰[Bybit](http://whalebot.co/Bybit) liquidated Long on LINKUSDT @ $24.15: Sell $58,617"
393715,2025-09-18T16:29:02+00:00,"ðŸ“ˆ[Bybit](http://whalebot.co/Bybit) liquidated Short on BTCUSDT @ $118,289.40: Buy $56,424"
393714,2025-09-18T16:24:43+00:00,"ðŸ“‰[Bybit](http://whalebot.co/Bybit) liquidated Long on DOGEUSDT @ $0.2841: Sell $95,594"
393713,2025-09-18T16:06:32+00:00,"ðŸ“ˆ[Bybit](http://whalebot.co/Bybit) liquidated Short on ETHUSDT @ $4,626.46: Buy $875,234"
393712,2025-09-18T16:06:31+00:00,"ðŸ“ˆ[Binance](https://whalebot.co/BinanceFutures) Liquidated Short on BTCUSDT @ $118,090: Buy $63,060"
393711,2025-09-18T16:06:09+00:00,"ðŸ“ˆ[Bybit](http://whalebot.co/Bybit) liquidated Short on DOGEUSDT @ $0.2903: Buy $64,193"
393710,2025-09-18T16:06:08+00:00,"ðŸ“ˆ[Binance](https://whalebot.co/BinanceFutures) Liquidated Short on DOGEUSDT @ $0.29: Buy $70,249"
393709,2025-09-18T16:00:19+00:00,"ðŸ“ˆ[Binance](https://whalebot.co/BinanceFutures) Liquidated Short on WUSDT @ $0.12: Buy $76,859"
393708,2025-09-18T15:49:50+00:00,"ðŸ“ˆ[Binance](https://whalebot.co/BinanceFutures) Liquidated Short on FARTCOINUSDT @ $0.94: Buy $51,613"
393707,2025-09-18T15:47:51+00:00,"ðŸ“ˆ[Binance](https://whalebot.co/BinanceFutures) Liquidated Short on DOGEUSDT @ $0.29: Buy $129,812"
393706,2025-09-18T15:39:38+00:00,"ðŸ“ˆ[Binance](https://whalebot.co/BinanceFutures) Liquidated Short on DOGEUSDT @ $0.29: Buy $57,328"
393705,2025-09-18T15:20:03+00:00,"ðŸ“ˆ[Binance](https://whalebot.co/BinanceFutures) Liquidated Short on SOLUSDT @ $250: Buy $406,477"
393704,2025-09-18T15:19:04+00:00,"ðŸ“ˆ[Bybit](http://whalebot.co/Bybit) liquidated Short on ONDOUSDT @ $1.09: Buy $75,794"
393703,2025-09-18T15:06:35+00:00,"ðŸ“ˆ[Binance](https://whalebot.co/BinanceFutures) Liquidated Short on SOLUSDT @ $250: Buy $50,691"
393702,2025-09-18T15:04:01+00:00,"ðŸ“ˆ[Binance](https://whalebot.co/BinanceFutures) Liquidated Short on ETHUSDT @ $4,622: Buy $150,968"
393701,2025-09-18T14:50:14+00:00,"ðŸ“‰[Bybit](http://whalebot.co/Bybit) liquidated Long on AVAXUSDT @ $32.66: Sell $194,582"
393700,2025-09-18T14:42:37+00:00,"ðŸ“ˆ[Binance](https://whalebot.co/BinanceFutures) Liquidated Short on PENGUUSDT @ $0.04: Buy $1,571,603"
393699,2025-09-18T14:42:27+00:00,"ðŸ“ˆ[Binance](https://whalebot.co/BinanceFutures) Liquidated Short on SUIUSDT @ $3.99: Buy $133,558"
393698,2025-09-18T14:40:20+00:00,"ðŸ“ˆ[Bybit](http://whalebot.co/Bybit) liquidated Short on DRIFTUSDT @ $0.9215: Buy $93,722"
393697,2025-09-18T14:33:14+00:00,"ðŸ“‰[Binance](https://whalebot.co/BinanceFutures) Liquidated Long on BARDUSDT @ $0.99: Sell $82,132"
393696,2025-09-18T14:23:49+00:00,"ðŸ“ˆ[Bybit](http://whalebot.co/Bybit) liquidated Short on SOLUSDT @ $249.10: Buy $50,268"
393695,2025-09-18T14:23:49+00:00,"ðŸ“ˆ[Bybit](http://whalebot.co/Bybit) liquidated Short on BTCUSDT @ $118,352.70: Buy $103,559"
393694,2025-09-18T14:17:22+00:00,"ðŸ“ˆ[Binance](https://whalebot.co/BinanceFutures) Liquidated Short on EIGENUSDT @ $2.06: Buy $50,303"
393693,2025-09-18T14:12:57+00:00,"ðŸ“ˆ[Binance](https://whalebot.co/BinanceFutures) Liquidated Short on ETHUSDT @ $4,630: Buy $105,049"
393692,2025-09-18T14:00:34+00:00,"ðŸ“ˆ[Binance](https://whalebot.co/BinanceFutures) Liquidated Short on ETHUSDT @ $4,607: Buy $70,582"
393691,2025-09-18T13:55:26+00:00,"ðŸ“‰[Binance](https://whalebot.co/BinanceFutures) Liquidated Long on ETHUSDT @ $4,553: Sell $91,952"
393690,2025-09-18T13:50:40+00:00,"ðŸ“ˆ[Binance](https://whalebot.co/BinanceFutures) Liquidated Short on PENGUUSDT @ $0.04: Buy $56,624"
393689,2025-09-18T13:50:39+00:00,"ðŸ“ˆ[Binance](https://whalebot.co/BinanceFutures) Liquidated Short on BTCUSDT @ $117,890: Buy $71,677"
393688,2025-09-18T13:46:02+00:00,"ðŸ“‰[Binance](https://whalebot.co/BinanceFutures) Liquidated Long on ETHUSDT @ $4,542: Sell $111,539"
393687,2025-09-18T13:46:01+00:00,"ðŸ“‰[Bybit](http://whalebot.co/Bybit) liquidated Long on ETHUSDT @ $4,537.73: Sell $54,453"
393686,2025-09-18T13:45:24+00:00,"ðŸ“‰[Binance](https://whalebot.co/BinanceFutures) Liquidated Long on ETHUSDT @ $4,547: Sell $57,869"
393685,2025-09-18T13:45:09+00:00,"ðŸ“‰[Bybit](http://whalebot.co/Bybit) liquidated Long on ETHUSDT @ $4,545.77: Sell $98,961"
393684,2025-09-18T13:44:33+00:00,"ðŸ“‰[Binance](https://whalebot.co/BinanceFutures) Liquidated Long on ETHUSDT @ $4,555: Sell $75,709"
393683,2025-09-18T13:44:24+00:00,"ðŸ“‰[Binance](https://whalebot.co/BinanceFutures) Liquidated Long on AAVEUSDT @ $303: Sell $117,898"
393682,2025-09-18T13:37:29+00:00,"ðŸ“ˆ[Binance](https://whalebot.co/BinanceFutures) Liquidated Short on AVAXUSDT @ $33.64: Buy $60,141"
393681,2025-09-18T13:36:38+00:00,"ðŸ“ˆ[Binance](https://whalebot.co/BinanceFutures) Liquidated Short on ETHUSDC @ $4,622: Buy $50,111"
393680,2025-09-18T13:36:36+00:00,"ðŸ“ˆ[Bybit](http://whalebot.co/Bybit) liquidated Short on ARUSDT @ $7.34: Buy $212,726"
393679,2025-09-18T13:36:35+00:00,"ðŸ“ˆ[Bybit](http://whalebot.co/Bybit) liquidated Short on DOGEUSDT @ $0.2863: Buy $252,585"
393678,2025-09-18T13:36:35+00:00,"ðŸ“ˆ[Bybit](http://whalebot.co/Bybit) liquidated Short on SOLUSDT @ $249.14: Buy $50,999"
393677,2025-09-18T13:36:35+00:00,"ðŸ“ˆ[Bybit](http://whalebot.co/Bybit) liquidated Short on SUIUSDT @ $3.93: Buy $206,387"
393676,2025-09-18T13:35:25+00:00,"ðŸ“ˆ[Binance](https://whalebot.co/BinanceFutures) Liquidated Short on BTCUSDT @ $117,956: Buy $58,978"
393675,2025-09-18T13:35:25+00:00,"ðŸ“ˆ[Binance](https://whalebot.co/BinanceFutures) Liquidated Short on ETHUSDT @ $4,611: Buy $92,217"
393673,2025-09-18T13:14:21+00:00,"ðŸ“ˆ[Bybit](http://whalebot.co/Bybit) liquidated Short on DOGEUSDT @ $0.2844: Buy $70,151"
393672,2025-09-18T13:11:43+00:00,"ðŸ“ˆ[Binance](https://whalebot.co/BinanceFutures) Liquidated Short on BCHUSDT @ $658: Buy $202,473"
393671,2025-09-18T13:02:41+00:00,"ðŸ“ˆ[Binance](https://whalebot.co/BinanceFutures) Liquidated Short on BARDUSDT @ $1.18: Buy $51,128"
393670,2025-09-18T13:01:58+00:00,"ðŸ“ˆ[Binance](https://whalebot.co/BinanceFutures) Liquidated Short on BARDUSDT @ $1.19: Buy $50,230"
393669,2025-09-18T12:54:07+00:00,"ðŸ“‰[Binance](https://whalebot.co/BinanceFutures) Liquidated Long on WLFIUSDT @ $0.22: Sell $61,406"
393668,2025-09-18T12:13:39+00:00,"ðŸ“ˆ[Binance](https://whalebot.co/BinanceFutures) Liquidated Short on PENGUUSDT @ $0.04: Buy $51,092"
393665,2025-09-18T10:29:38+00:00,"ðŸ“‰[Binance](https://whalebot.co/BinanceFutures) Liquidated Long on ETHUSDT @ $4,551: Sell $148,020"
393664,2025-09-18T09:36:18+00:00,"ðŸ“ˆ[Binance](https://whalebot.co/BinanceFutures) Liquidated Short on AVNTUSDT @ $1.19: Buy $50,915"
393663,2025-09-18T09:22:12+00:00,"ðŸ“ˆ[Binance](https://whalebot.co/BinanceFutures) Liquidated Short on SUIUSDT @ $3.94: Buy $54,037"
393662,2025-09-18T08:53:29+00:00,"ðŸ“ˆ[Bybit](http://whalebot.co/Bybit) liquidated Short on SUIUSDT @ $3.88: Buy $166,866"
393661,2025-09-18T08:37:40+00:00,"ðŸ“ˆ[Binance](https://whalebot.co/BinanceFutures) Liquidated Short on DOGEUSDT @ $0.28: Buy $84,830"
393660,2025-09-18T08:37:23+00:00,"ðŸ“ˆ[Binance](https://whalebot.co/BinanceFutures) Liquidated Short on ETHUSDT @ $4,618: Buy $67,051"
393659,2025-09-18T08:36:50+00:00,"ðŸ“ˆ[Bybit](http://whalebot.co/Bybit) liquidated Short on ETHUSDT @ $4,617.68: Buy $52,318"
393658,2025-09-18T08:15:36+00:00,"ðŸ“ˆ[Binance](https://whalebot.co/BinanceFutures) Liquidated Short on ETHUSDT @ $4,602: Buy $54,977"
393657,2025-09-18T08:11:29+00:00,"ðŸ“‰[Binance](https://whalebot.co/BinanceFutures) Liquidated Long on PUMPUSDT @ $0.01: Sell $90,281"
393656,2025-09-18T07:15:48+00:00,"ðŸ“ˆ[Binance](https://whalebot.co/BinanceFutures) Liquidated Short on ETHUSDT @ $4,597: Buy $50,371"
393655,2025-09-18T06:40:42+00:00,"ðŸ“‰[Bybit](http://whalebot.co/Bybit) liquidated Long on ETHUSDT @ $4,546.11: Sell $61,600"
393654,2025-09-18T06:30:50+00:00,"ðŸ“‰[Bybit](http://whalebot.co/Bybit) liquidated Long on SOLUSDT @ $241.29: Sell $56,558"
393653,2025-09-18T06:30:41+00:00,"ðŸ“‰[Binance](https://whalebot.co/BinanceFutures) Liquidated Long on DOGEUSDT @ $0.27: Sell $113,382"
393652,2025-09-18T06:29:16+00:00,"ðŸ“‰[Binance](https://whalebot.co/BinanceFutures) Liquidated Long on XRPUSDT @ $3.03: Sell $178,324"
393651,2025-09-18T06:29:16+00:00,"ðŸ“‰[Binance](https://whalebot.co/BinanceFutures) Liquidated Long on ETHUSDT @ $4,538: Sell $99,827"
393650,2025-09-18T06:15:42+00:00,"ðŸ“‰[Bybit](http://whalebot.co/Bybit) liquidated Long on ETHUSDT @ $4,534.60: Sell $59,131"
393649,2025-09-18T06:15:29+00:00,"ðŸ“‰[Bybit](http://whalebot.co/Bybit) liquidated Long on XRPUSDT @ $3.0357: Sell $68,637"
393648,2025-09-18T06:15:27+00:00,"ðŸ“‰[Bybit](http://whalebot.co/Bybit) liquidated Long on SEIUSDT @ $0.3230: Sell $72,130"
393647,2025-09-18T06:13:59+00:00,"ðŸ“‰[Binance](https://whalebot.co/BinanceFutures) Liquidated Long on ETHUSDT @ $4,532: Sell $3,670,496"
393646,2025-09-18T06:13:59+00:00,"ðŸ“‰[Bybit](http://whalebot.co/Bybit) liquidated Long on DOGEUSDT @ $0.2754: Sell $67,992"
393645,2025-09-18T06:13:08+00:00,"ðŸ“‰[Binance](https://whalebot.co/BinanceFutures) Liquidated Long on WLFIUSDT @ $0.22: Sell $100,767"
393644,2025-09-18T06:13:06+00:00,"ðŸ“‰[Binance](https://whalebot.co/BinanceFutures) Liquidated Long on ETHUSDT @ $4,549: Sell $161,246"
393643,2025-09-18T06:12:39+00:00,"ðŸ“‰[Binance](https://whalebot.co/BinanceFutures) Liquidated Long on ETHUSDC @ $4,552: Sell $68,976"
393642,2025-09-18T06:12:37+00:00,"ðŸ“‰[Binance](https://whalebot.co/BinanceFutures) Liquidated Long on ETHUSDT @ $4,549: Sell $790,258"
393641,2025-09-18T06:10:14+00:00,"ðŸ“‰[Bybit](http://whalebot.co/Bybit) liquidated Long on ETHUSDT @ $4,551.94: Sell $773,830"
393640,2025-09-18T06:08:36+00:00,"ðŸ“‰[Binance](https://whalebot.co/BinanceFutures) Liquidated Long on ETHUSDT @ $4,564: Sell $94,780"
393639,2025-09-18T05:38:51+00:00,"ðŸ“‰[Binance](https://whalebot.co/BinanceFutures) Liquidated Long on ENAUSDT @ $0.69: Sell $95,265"
393638,2025-09-18T05:28:32+00:00,"ðŸ“‰[Binance](https://whalebot.co/BinanceFutures) Liquidated Long on ETHUSDT @ $4,571: Sell $156,992"
393637,2025-09-18T05:18:04+00:00,"ðŸ“‰[Bybit](http://whalebot.co/Bybit) liquidated Long on XRPUSDT @ $3.0672: Sell $141,695"
393636,2025-09-18T04:59:31+00:00,"ðŸ“ˆ[Binance](https://whalebot.co/BinanceFutures) Liquidated Short on BTCUSDT @ $118,029: Buy $257,304"
393635,2025-09-18T04:41:09+00:00,"ðŸ“ˆ[Binance](https://whalebot.co/BinanceFutures) Liquidated Short on ETHUSDT @ $4,621: Buy $63,070"
393634,2025-09-18T04:38:27+00:00,"ðŸ“‰[Bybit](http://whalebot.co/Bybit) liquidated Long on ETHUSDT @ $4,574.87: Sell $137,246"
393633,2025-09-18T04:23:06+00:00,"ðŸ“‰[Binance](https://whalebot.co/BinanceFutures) Liquidated Long on BTCUSDT @ $116,980: Sell $105,633"
393632,2025-09-18T04:05:07+00:00,"ðŸ“ˆ[Binance](https://whalebot.co/BinanceFutures) Liquidated Short on AVAXUSDT @ $33.54: Buy $79,885"
393631,2025-09-18T04:04:20+00:00,"ðŸ“ˆ[Binance](https://whalebot.co/BinanceFutures) Liquidated Short on AVAXUSDC @ $33.56: Buy $65,027"
393629,2025-09-18T03:50:10+00:00,"ðŸ“ˆ[Bybit](http://whalebot.co/Bybit) liquidated Short on BCHUSDT @ $652.60: Buy $69,326"
393627,2025-09-18T03:44:47+00:00,"ðŸ“ˆ[Binance](https://whalebot.co/BinanceFutures) Liquidated Short on BCHUSDT @ $647: Buy $164,967"
393626,2025-09-18T03:41:22+00:00,"ðŸ“ˆ[Binance](https://whalebot.co/BinanceFutures) Liquidated Short on ETHUSDT @ $4,646: Buy $55,752"
393625,2025-09-18T03:41:22+00:00,"ðŸ“ˆ[Binance](https://whalebot.co/BinanceFutures) Liquidated Short on BNBUSDT @ $1,001: Buy $69,651"
393624,2025-09-18T03:30:52+00:00,"ðŸ“ˆ[Bybit](http://whalebot.co/Bybit) liquidated Short on BTCUSDT @ $118,391.10: Buy $144,556"
393623,2025-09-18T03:30:32+00:00,"ðŸ“ˆ[Binance](https://whalebot.co/BinanceFutures) Liquidated Short on BTCUSDT @ $118,252: Buy $177,379"
393622,2025-09-18T03:21:03+00:00,"ðŸ“ˆ[Binance](https://whalebot.co/BinanceFutures) Liquidated Short on EIGENUSDT @ $1.97: Buy $61,946"
393621,2025-09-18T03:20:28+00:00,"ðŸ“ˆ[Bybit](http://whalebot.co/Bybit) liquidated Short on BTCUSDT @ $118,266.60: Buy $65,047"
393620,2025-09-18T03:17:59+00:00,"ðŸ“‰[Binance](https://whalebot.co/BinanceFutures) Liquidated Long on ETHUSDT @ $4,611: Sell $204,676"
393619,2025-09-18T03:16:03+00:00,"ðŸ“ˆ[Bybit](http://whalebot.co/Bybit) liquidated Short on BTCUSDT @ $118,232.10: Buy $52,850"
393618,2025-09-18T03:16:01+00:00,"ðŸ“ˆ[Bybit](http://whalebot.co/Bybit) liquidated Short on BTCUSDT @ $118,229.30: Buy $55,213"
393617,2025-09-18T03:15:48+00:00,"ðŸ“ˆ[Bybit](http://whalebot.co/Bybit) liquidated Short on BTCUSDT @ $118,225.90: Buy $53,202"
393616,2025-09-18T03:15:30+00:00,"ðŸ“ˆ[Binance](https://whalebot.co/BinanceFutures) Liquidated Short on BTCUSDT @ $118,020: Buy $140,798"
393615,2025-09-18T03:14:55+00:00,"ðŸ“ˆ[Binance](https://whalebot.co/BinanceFutures) Liquidated Short on ETHUSDT @ $4,656: Buy $74,495"
393614,2025-09-18T03:13:36+00:00,"ðŸ“ˆ[Bybit](http://whalebot.co/Bybit) liquidated Short on BTCUSDT @ $118,045.70: Buy $56,662"
393613,2025-09-18T03:12:14+00:00,"ðŸ“ˆ[Binance](https://whalebot.co/BinanceFutures) Liquidated Short on DOGEUSDT @ $0.28: Buy $151,259"
393612,2025-09-18T03:12:13+00:00,"ðŸ“ˆ[Binance](https://whalebot.co/BinanceFutures) Liquidated Short on SOLUSDT @ $248: Buy $306,915"
393611,2025-09-18T03:12:13+00:00,"ðŸ“ˆ[Binance](https://whalebot.co/BinanceFutures) Liquidated Short on 1000PEPEUSDT @ $0.01: Buy $308,230"
393610,2025-09-18T03:11:18+00:00,"ðŸ“ˆ[Bybit](http://whalebot.co/Bybit) liquidated Short on ETHUSDT @ $4,657.54: Buy $94,734"
393609,2025-09-18T03:11:06+00:00,"ðŸ“ˆ[Bybit](http://whalebot.co/Bybit) liquidated Short on ETHUSDT @ $4,655.91: Buy $55,871"
393608,2025-09-18T03:10:46+00:00,"ðŸ“ˆ[Bybit](http://whalebot.co/Bybit) liquidated Short on BTCUSDT @ $118,003.60: Buy $57,822"
393607,2025-09-18T03:08:53+00:00,"ðŸ“ˆ[Bybit](http://whalebot.co/Bybit) liquidated Short on BTCUSDT @ $117,938.70: Buy $364,666"
393606,2025-09-18T03:08:34+00:00,"ðŸ“ˆ[Binance](https://whalebot.co/BinanceFutures) Liquidated Short on SUIUSDT @ $3.86: Buy $117,337"
393605,2025-09-18T03:08:21+00:00,"ðŸ“ˆ[Bybit](http://whalebot.co/Bybit) liquidated Short on BTCUSDT @ $117,928.10: Buy $69,106"
393604,2025-09-18T03:08:19+00:00,"ðŸ“ˆ[Binance](https://whalebot.co/BinanceFutures) Liquidated Short on ETHUSDT @ $4,645: Buy $60,440"
393603,2025-09-18T03:07:30+00:00,"ðŸ“ˆ[Binance](https://whalebot.co/BinanceFutures) Liquidated Short on DOTUSDT @ $4.53: Buy $242,362"
393602,2025-09-18T03:07:29+00:00,"ðŸ“ˆ[Binance](https://whalebot.co/BinanceFutures) Liquidated Short on UNIUSDT @ $9.78: Buy $257,503"
393601,2025-09-18T03:07:29+00:00,"ðŸ“ˆ[Binance](https://whalebot.co/BinanceFutures) Liquidated Short on TRBUSDT @ $38.98: Buy $61,234"
393600,2025-09-18T03:07:28+00:00,"ðŸ“ˆ[Binance](https://whalebot.co/BinanceFutures) Liquidated Short on AAVEUSDT @ $313: Buy $230,554"
393599,2025-09-18T03:07:28+00:00,"ðŸ“ˆ[Binance](https://whalebot.co/BinanceFutures) Liquidated Short on HBARUSDT @ $0.25: Buy $156,995"
393598,2025-09-18T03:07:24+00:00,"ðŸ“ˆ[Binance](https://whalebot.co/BinanceFutures) Liquidated Short on ADAUSDT @ $0.93: Buy $255,248"
393597,2025-09-18T03:07:24+00:00,"ðŸ“ˆ[Binance](https://whalebot.co/BinanceFutures) Liquidated Short on NEARUSDT @ $2.91: Buy $217,420"
393596,2025-09-18T03:07:23+00:00,"ðŸ“ˆ[Binance](https://whalebot.co/BinanceFutures) Liquidated Short on AVAXUSDT @ $33.35: Buy $240,123"
393595,2025-09-18T03:07:23+00:00,"ðŸ“ˆ[Binance](https://whalebot.co/BinanceFutures) Liquidated Short on ETHUSDT @ $4,643: Buy $648,551"
393594,2025-09-18T03:07:20+00:00,"ðŸ“ˆ[Binance](https://whalebot.co/BinanceFutures) Liquidated Short on BTCUSDT @ $117,846: Buy $1,293,120"
393593,2025-09-18T03:07:04+00:00,"ðŸ“ˆ[Binance](https://whalebot.co/BinanceFutures) Liquidated Short on WLDUSDT @ $1.63: Buy $143,158"
393592,2025-09-18T03:06:22+00:00,"ðŸ“‰[Bybit](http://whalebot.co/Bybit) liquidated Long on AAVEUSDT @ $305.58: Sell $68,089"
393591,2025-09-18T03:05:11+00:00,"ðŸ“ˆ[Binance](https://whalebot.co/BinanceFutures) Liquidated Short on ETHUSDT @ $4,634: Buy $94,809"
393590,2025-09-18T03:00:37+00:00,"ðŸ“‰[Binance](https://whalebot.co/BinanceFutures) Liquidated Long on ETHUSDT @ $4,593: Sell $68,896"
393589,2025-09-18T02:56:41+00:00,"ðŸ“ˆ[Binance](https://whalebot.co/BinanceFutures) Liquidated Short on AVAXUSDT @ $33.09: Buy $138,469"
393588,2025-09-18T02:56:14+00:00,"ðŸ“ˆ[Binance](https://whalebot.co/BinanceFutures) Liquidated Short on PENGUUSDT @ $0.04: Buy $55,941"
393587,2025-09-18T02:55:26+00:00,"ðŸ“ˆ[Bybit](http://whalebot.co/Bybit) liquidated Short on AVAXUSDT @ $32.96: Buy $202,281"
393586,2025-09-18T02:27:09+00:00,"ðŸ“ˆ[Binance](https://whalebot.co/BinanceFutures) Liquidated Short on BTCUSDT @ $116,946: Buy $744,129"
393585,2025-09-18T02:22:21+00:00,"ðŸ“‰[Binance](https://whalebot.co/BinanceFutures) Liquidated Long on ETHUSDT @ $4,587: Sell $133,136"
393584,2025-09-18T02:11:34+00:00,"ðŸ“‰[Binance](https://whalebot.co/BinanceFutures) Liquidated Long on DOGEUSDT @ $0.28: Sell $76,310"
393583,2025-09-18T01:57:15+00:00,"ðŸ“ˆ[Binance](https://whalebot.co/BinanceFutures) Liquidated Short on AVAXUSDT @ $32.88: Buy $82,212"
393582,2025-09-18T01:51:12+00:00,"ðŸ“ˆ[Bybit](http://whalebot.co/Bybit) liquidated Short on AVAXUSDT @ $32.90: Buy $75,247"
393581,2025-09-18T01:47:15+00:00,"ðŸ“ˆ[Binance](https://whalebot.co/BinanceFutures) Liquidated Short on AVAXUSDT @ $32.76: Buy $59,418"
393580,2025-09-18T01:46:31+00:00,"ðŸ“ˆ[Binance](https://whalebot.co/BinanceFutures) Liquidated Short on SOLUSDT @ $249: Buy $54,679"
393579,2025-09-18T01:45:57+00:00,"ðŸ“ˆ[Bybit](http://whalebot.co/Bybit) liquidated Short on SOLUSDT @ $248.26: Buy $50,347"
393578,2025-09-18T01:45:57+00:00,"ðŸ“ˆ[Bybit](http://whalebot.co/Bybit) liquidated Short on BTCUSDT @ $117,357.30: Buy $181,669"
393577,2025-09-18T01:45:56+00:00,"ðŸ“ˆ[Bybit](http://whalebot.co/Bybit) liquidated Short on ETHUSDT @ $4,653.51: Buy $126,715"
393576,2025-09-18T01:44:13+00:00,"ðŸ“ˆ[Binance](https://whalebot.co/BinanceFutures) Liquidated Short on BTCUSDT @ $117,259: Buy $58,629"
393575,2025-09-18T01:41:09+00:00,"ðŸ“ˆ[Binance](https://whalebot.co/BinanceFutures) Liquidated Short on SOLUSDT @ $247: Buy $51,230"
393574,2025-09-18T01:40:54+00:00,"ðŸ“ˆ[Binance](https://whalebot.co/BinanceFutures) Liquidated Short on BTCUSDC @ $117,180: Buy $50,270"
393573,2025-09-18T01:40:36+00:00,"ðŸ“ˆ[Binance](https://whalebot.co/BinanceFutures) Liquidated Short on MUSDT @ $3.32: Buy $68,080"
393572,2025-09-18T01:39:41+00:00,"ðŸ“ˆ[Binance](https://whalebot.co/BinanceFutures) Liquidated Short on IPUSDT @ $10.54: Buy $322,078"
393571,2025-09-18T01:39:37+00:00,"ðŸ“ˆ[Binance](https://whalebot.co/BinanceFutures) Liquidated Short on OPUSDT @ $0.83: Buy $236,751"
393570,2025-09-18T01:39:37+00:00,"ðŸ“ˆ[Binance](https://whalebot.co/BinanceFutures) Liquidated Short on HYPEUSDT @ $60.60: Buy $1,799,273"
393569,2025-09-18T01:39:36+00:00,"ðŸ“ˆ[Binance](https://whalebot.co/BinanceFutures) Liquidated Short on PUMPUSDT @ $0.01: Buy $1,177,086"
393568,2025-09-18T01:39:35+00:00,"ðŸ“ˆ[Binance](https://whalebot.co/BinanceFutures) Liquidated Short on ETHUSDT @ $4,647: Buy $64,004"
393567,2025-09-18T01:39:33+00:00,"ðŸ“ˆ[Bybit](http://whalebot.co/Bybit) liquidated Short on ETHUSDT @ $4,652.06: Buy $77,271"
393566,2025-09-18T01:32:54+00:00,"ðŸ“ˆ[Binance](https://whalebot.co/BinanceFutures) Liquidated Short on ETHUSDT @ $4,639: Buy $295,713"
393565,2025-09-18T01:32:53+00:00,"ðŸ“ˆ[Binance](https://whalebot.co/BinanceFutures) Liquidated Short on ETHUSDC @ $4,643: Buy $371,410"
393564,2025-09-18T01:07:25+00:00,"ðŸ“ˆ[Bybit](http://whalebot.co/Bybit) liquidated Short on AVAXUSDT @ $32.65: Buy $104,771"
393563,2025-09-18T01:05:57+00:00,"ðŸ“ˆ[Binance](https://whalebot.co/BinanceFutures) Liquidated Short on ETHUSDT @ $4,614: Buy $161,470"
393562,2025-09-18T01:05:54+00:00,"ðŸ“ˆ[Binance](https://whalebot.co/BinanceFutures) Liquidated Short on ETHUSDT @ $4,613: Buy $182,192"
393561,2025-09-18T01:01:55+00:00,"ðŸ“ˆ[Binance](https://whalebot.co/BinanceFutures) Liquidated Short on AVAXUSDC @ $32.37: Buy $60,157"
393560,2025-09-18T01:01:19+00:00,"ðŸ“‰[Binance](https://whalebot.co/BinanceFutures) Liquidated Long on ETHUSDT @ $4,561: Sell $296,816"
393559,2025-09-18T00:54:42+00:00,"ðŸ“‰[Binance](https://whalebot.co/BinanceFutures) Liquidated Long on ETHUSDT @ $4,570: Sell $76,241"
393558,2025-09-18T00:46:11+00:00,"ðŸ“ˆ[Binance](https://whalebot.co/BinanceFutures) Liquidated Short on PUMPUSDT @ $0.01: Buy $80,407"
393557,2025-09-18T00:42:27+00:00,"ðŸ“ˆ[Binance](https://whalebot.co/BinanceFutures) Liquidated Short on PENGUUSDT @ $0.04: Buy $177,121"
393556,2025-09-18T00:36:06+00:00,"ðŸ“ˆ[Bybit](http://whalebot.co/Bybit) liquidated Short on BCHUSDT @ $624.50: Buy $58,703"
393555,2025-09-18T00:22:00+00:00,"ðŸ“‰[Bybit](http://whalebot.co/Bybit) liquidated Long on DRIFTUSDT @ $0.7990: Sell $79,900"
393554,2025-09-18T00:13:19+00:00,"ðŸ“‰[Binance](https://whalebot.co/BinanceFutures) Liquidated Long on BTCUSDT @ $115,756: Sell $57,878"
393553,2025-09-18T00:09:37+00:00,"ðŸ“ˆ[Binance](https://whalebot.co/BinanceFutures) Liquidated Short on DOGEUSDT @ $0.29: Buy $309,627"
393552,2025-09-18T00:06:51+00:00,"ðŸ“ˆ[Binance](https://whalebot.co/BinanceFutures) Liquidated Short on ETHUSDT @ $4,616: Buy $61,823"
393551,2025-09-17T23:41:17+00:00,"ðŸ“‰[Bybit](http://whalebot.co/Bybit) liquidated Long on BTCUSDT @ $115,731.70: Sell $67,124"
393550,2025-09-17T23:41:14+00:00,"ðŸ“‰[Binance](https://whalebot.co/BinanceFutures) Liquidated Long on ETHUSDT @ $4,566: Sell $99,048"
393549,2025-09-17T23:41:09+00:00,"ðŸ“‰[Bybit](http://whalebot.co/Bybit) liquidated Long on DOGEUSDT @ $0.2787: Sell $191,861"
393548,2025-09-17T23:38:51+00:00,"ðŸ“‰[Binance](https://whalebot.co/BinanceFutures) Liquidated Long on PUMPUSDT @ $0.01: Sell $164,361"
393547,2025-09-17T23:29:37+00:00,"ðŸ“‰[Binance](https://whalebot.co/BinanceFutures) Liquidated Long on BTCUSDT @ $116,055: Sell $298,260"
393546,2025-09-17T23:29:36+00:00,"ðŸ“‰[Bybit](http://whalebot.co/Bybit) liquidated Long on ETHUSDT @ $4,565.10: Sell $72,722"
393545,2025-09-17T23:21:56+00:00,"ðŸ“‰[Binance](https://whalebot.co/BinanceFutures) Liquidated Long on ETHUSDT @ $4,571: Sell $84,044"
393544,2025-09-17T23:21:53+00:00,"ðŸ“‰[Binance](https://whalebot.co/BinanceFutures) Liquidated Long on ETHUSDT @ $4,571: Sell $80,266"
393543,2025-09-17T23:16:47+00:00,"ðŸ“‰[Binance](https://whalebot.co/BinanceFutures) Liquidated Long on ETHUSDT @ $4,577: Sell $161,605"
393542,2025-09-17T23:10:39+00:00,"ðŸ“ˆ[Bybit](http://whalebot.co/Bybit) liquidated Short on BCHUSDT @ $630.90: Buy $79,456"
393541,2025-09-17T23:10:39+00:00,"ðŸ“ˆ[Bybit](http://whalebot.co/Bybit) liquidated Short on KASUSDT @ $0.0899: Buy $54,132"
393540,2025-09-17T23:06:38+00:00,"ðŸ“ˆ[Binance](https://whalebot.co/BinanceFutures) Liquidated Short on XRPUSDT @ $3.12: Buy $50,298"
393539,2025-09-17T23:05:42+00:00,"ðŸ“ˆ[Binance](https://whalebot.co/BinanceFutures) Liquidated Short on XRPUSDC @ $3.15: Buy $148,004"
393538,2025-09-17T23:05:42+00:00,"ðŸ“ˆ[Binance](https://whalebot.co/BinanceFutures) Liquidated Short on ETHUSDC @ $4,638: Buy $668,823"
393537,2025-09-17T23:04:23+00:00,"ðŸ“ˆ[Binance](https://whalebot.co/BinanceFutures) Liquidated Short on SOLUSDT @ $247: Buy $262,470"
393536,2025-09-17T23:03:53+00:00,"ðŸ“ˆ[Binance](https://whalebot.co/BinanceFutures) Liquidated Short on SOLUSDC @ $248: Buy $84,200"
393535,2025-09-17T23:02:07+00:00,"ðŸ“ˆ[Binance](https://whalebot.co/BinanceFutures) Liquidated Short on SOLUSDT @ $247: Buy $56,757"
393534,2025-09-17T23:02:03+00:00,"ðŸ“ˆ[Binance](https://whalebot.co/BinanceFutures) Liquidated Short on ETHUSDT @ $4,616: Buy $323,097"
393533,2025-09-17T23:02:02+00:00,"ðŸ“ˆ[Binance](https://whalebot.co/BinanceFutures) Liquidated Short on BTCUSDT @ $117,374: Buy $821,616"
393532,2025-09-17T23:00:40+00:00,"ðŸ“ˆ[Binance](https://whalebot.co/BinanceFutures) Liquidated Short on ETCUSDT @ $21.19: Buy $62,290"
393531,2025-09-17T23:00:39+00:00,"ðŸ“ˆ[Binance](https://whalebot.co/BinanceFutures) Liquidated Short on 1000PEPEUSDT @ $0.01: Buy $52,914"
393530,2025-09-17T23:00:36+00:00,"ðŸ“ˆ[Bybit](http://whalebot.co/Bybit) liquidated Short on WIFUSDT @ $0.9726: Buy $100,797"
393529,2025-09-17T22:59:44+00:00,"ðŸ“‰[Binance](https://whalebot.co/BinanceFutures) Liquidated Long on ETHUSDT @ $4,569: Sell $75,931"
393528,2025-09-17T22:58:22+00:00,"ðŸ“ˆ[Binance](https://whalebot.co/BinanceFutures) Liquidated Short on ETHUSDT @ $4,616: Buy $50,565"
393527,2025-09-17T22:58:22+00:00,"ðŸ“ˆ[Binance](https://whalebot.co/BinanceFutures) Liquidated Short on SOLUSDT @ $247: Buy $52,375"
393526,2025-09-17T22:58:08+00:00,"ðŸ“ˆ[Binance](https://whalebot.co/BinanceFutures) Liquidated Short on BNBUSDT @ $997: Buy $52,602"
393525,2025-09-17T22:57:06+00:00,"ðŸ“ˆ[Binance](https://whalebot.co/BinanceFutures) Liquidated Short on BTCUSDT @ $117,218: Buy $66,111"
393524,2025-09-17T22:57:03+00:00,"ðŸ“ˆ[Bybit](http://whalebot.co/Bybit) liquidated Short on AVAXUSDT @ $32.13: Buy $50,454"
393523,2025-09-17T22:56:43+00:00,"ðŸ“ˆ[Bybit](http://whalebot.co/Bybit) liquidated Short on BTCUSDT @ $117,311.50: Buy $222,892"
393522,2025-09-17T22:56:21+00:00,"ðŸ“ˆ[Binance](https://whalebot.co/BinanceFutures) Liquidated Short on AVAXUSDT @ $31.72: Buy $117,956"
393521,2025-09-17T22:56:19+00:00,"ðŸ“ˆ[Binance](https://whalebot.co/BinanceFutures) Liquidated Short on AVAXUSDT @ $31.54: Buy $54,811"
393520,2025-09-17T22:56:17+00:00,"ðŸ“ˆ[Binance](https://whalebot.co/BinanceFutures) Liquidated Short on AVAXUSDC @ $31.79: Buy $90,678"
393519,2025-09-17T22:55:21+00:00,"ðŸ“ˆ[Binance](https://whalebot.co/BinanceFutures) Liquidated Short on BNBUSDT @ $996: Buy $80,495"
393518,2025-09-17T22:55:20+00:00,"ðŸ“ˆ[Bybit](http://whalebot.co/Bybit) liquidated Short on ETHUSDT @ $4,618.70: Buy $52,746"
393517,2025-09-17T22:55:20+00:00,"ðŸ“ˆ[Bybit](http://whalebot.co/Bybit) liquidated Short on MNTUSDT @ $1.74: Buy $111,443"
393516,2025-09-17T22:55:12+00:00,"ðŸ“ˆ[Bybit](http://whalebot.co/Bybit) liquidated Short on BTCUSDT @ $117,282.70: Buy $81,277"
393515,2025-09-17T22:55:04+00:00,"ðŸ“ˆ[Binance](https://whalebot.co/BinanceFutures) Liquidated Short on ETHUSDT @ $4,616: Buy $287,967"
393514,2025-09-17T22:55:03+00:00,"ðŸ“ˆ[Binance](https://whalebot.co/BinanceFutures) Liquidated Short on SOLUSDT @ $247: Buy $407,353"
393513,2025-09-17T22:55:03+00:00,"ðŸ“ˆ[Binance](https://whalebot.co/BinanceFutures) Liquidated Short on BNBUSDT @ $1,003: Buy $812,615"
393512,2025-09-17T22:54:08+00:00,"ðŸ“ˆ[Bybit](http://whalebot.co/Bybit) liquidated Short on BTCUSDT @ $117,195.70: Buy $93,757"
393511,2025-09-17T22:53:55+00:00,"ðŸ“ˆ[Binance](https://whalebot.co/BinanceFutures) Liquidated Short on SUIUSDT @ $3.83: Buy $58,092"
393510,2025-09-17T22:53:29+00:00,"ðŸ“ˆ[Binance](https://whalebot.co/BinanceFutures) Liquidated Short on TONUSDT @ $3.18: Buy $62,589"
393509,2025-09-17T22:53:29+00:00,"ðŸ“ˆ[Binance](https://whalebot.co/BinanceFutures) Liquidated Short on WLDUSDT @ $1.63: Buy $145,254"
393508,2025-09-17T22:53:15+00:00,"ðŸ“ˆ[Binance](https://whalebot.co/BinanceFutures) Liquidated Short on BTCUSDC @ $117,238: Buy $560,281"
393507,2025-09-17T22:52:20+00:00,"ðŸ“ˆ[Binance](https://whalebot.co/BinanceFutures) Liquidated Short on BTCUSDT @ $116,965: Buy $292,413"
393506,2025-09-17T22:52:19+00:00,"ðŸ“ˆ[Binance](https://whalebot.co/BinanceFutures) Liquidated Short on SOLUSDT @ $246: Buy $128,112"
393505,2025-09-17T22:52:19+00:00,"ðŸ“ˆ[Binance](https://whalebot.co/BinanceFutures) Liquidated Short on DOGEUSDT @ $0.28: Buy $85,488"
393504,2025-09-17T22:52:18+00:00,"ðŸ“ˆ[Binance](https://whalebot.co/BinanceFutures) Liquidated Short on BNBUSDT @ $1,006: Buy $2,039,410"
393503,2025-09-17T22:51:43+00:00,"ðŸ“ˆ[Binance](https://whalebot.co/BinanceFutures) Liquidated Short on BTCUSDC @ $116,912: Buy $93,647"
393502,2025-09-17T22:51:42+00:00,"ðŸ“ˆ[Binance](https://whalebot.co/BinanceFutures) Liquidated Short on SOLUSDT @ $246: Buy $84,391"
393501,2025-09-17T22:51:42+00:00,"ðŸ“ˆ[Binance](https://whalebot.co/BinanceFutures) Liquidated Short on JUPUSDT @ $0.56: Buy $54,944"
393500,2025-09-17T22:51:42+00:00,"ðŸ“ˆ[Binance](https://whalebot.co/BinanceFutures) Liquidated Short on BTCUSDT @ $116,822: Buy $404,320"
393499,2025-09-17T22:51:35+00:00,"ðŸ“ˆ[Binance](https://whalebot.co/BinanceFutures) Liquidated Short on XRPUSDT @ $3.11: Buy $266,091"
393498,2025-09-17T22:51:35+00:00,"ðŸ“ˆ[Binance](https://whalebot.co/BinanceFutures) Liquidated Short on UNIUSDT @ $9.69: Buy $218,406"
393497,2025-09-17T22:51:34+00:00,"ðŸ“ˆ[Binance](https://whalebot.co/BinanceFutures) Liquidated Short on ETHUSDT @ $4,605: Buy $268,368"
393496,2025-09-17T22:51:34+00:00,"ðŸ“ˆ[Binance](https://whalebot.co/BinanceFutures) Liquidated Short on SOLUSDT @ $246: Buy $214,806"
393495,2025-09-17T22:51:34+00:00,"ðŸ“ˆ[Binance](https://whalebot.co/BinanceFutures) Liquidated Short on BNBUSDT @ $996: Buy $300,404"
393494,2025-09-17T22:49:13+00:00,"ðŸ“ˆ[Binance](https://whalebot.co/BinanceFutures) Liquidated Short on SUIUSDT @ $3.83: Buy $153,526"
393493,2025-09-17T22:48:23+00:00,"ðŸ“ˆ[Bybit](http://whalebot.co/Bybit) liquidated Short on ETHUSDT @ $4,601.43: Buy $506,157"
393492,2025-09-17T22:48:20+00:00,"ðŸ“ˆ[Binance](https://whalebot.co/BinanceFutures) Liquidated Short on ETHUSDT @ $4,604: Buy $2,057,228"
393491,2025-09-17T22:48:16+00:00,"ðŸ“ˆ[Binance](https://whalebot.co/BinanceFutures) Liquidated Short on ETHUSDT @ $4,596: Buy $276,780"
393490,2025-09-17T22:47:41+00:00,"ðŸ“ˆ[Bybit](http://whalebot.co/Bybit) liquidated Short on DOGEUSDT @ $0.2841: Buy $179,490"
393489,2025-09-17T22:44:13+00:00,"ðŸ“ˆ[Binance](https://whalebot.co/BinanceFutures) Liquidated Short on BTCUSDT @ $116,800: Buy $121,238"
393488,2025-09-17T22:44:13+00:00,"ðŸ“ˆ[Binance](https://whalebot.co/BinanceFutures) Liquidated Short on BNBUSDT @ $996: Buy $105,607"
393487,2025-09-17T22:44:12+00:00,"ðŸ“ˆ[Binance](https://whalebot.co/BinanceFutures) Liquidated Short on BNBUSDT @ $996: Buy $59,041"
393486,2025-09-17T22:44:08+00:00,"ðŸ“ˆ[Binance](https://whalebot.co/BinanceFutures) Liquidated Short on BNBUSDC @ $1,003: Buy $150,378"
393485,2025-09-17T22:43:13+00:00,"ðŸ“ˆ[Binance](https://whalebot.co/BinanceFutures) Liquidated Short on BNBUSDT @ $994: Buy $105,780"
393484,2025-09-17T22:42:01+00:00,"ðŸ“ˆ[Binance](https://whalebot.co/BinanceFutures) Liquidated Short on ETHUSDT @ $4,593: Buy $119,642"
393483,2025-09-17T22:39:41+00:00,"ðŸ“ˆ[Binance](https://whalebot.co/BinanceFutures) Liquidated Short on BNBUSDT @ $1,002: Buy $2,505,650"
393482,2025-09-17T22:39:31+00:00,"ðŸ“ˆ[Bybit](http://whalebot.co/Bybit) liquidated Short on BTCUSDT @ $116,885.80: Buy $77,495"
393481,2025-09-17T22:36:34+00:00,"ðŸ“ˆ[Bybit](http://whalebot.co/Bybit) liquidated Short on BTCUSDT @ $116,837.60: Buy $108,776"
393480,2025-09-17T22:36:34+00:00,"ðŸ“ˆ[Bybit](http://whalebot.co/Bybit) liquidated Short on ETHUSDT @ $4,595.14: Buy $124,942"
393479,2025-09-17T22:36:34+00:00,"ðŸ“ˆ[Bybit](http://whalebot.co/Bybit) liquidated Short on XRPUSDT @ $3.10: Buy $166,754"
393478,2025-09-17T22:36:20+00:00,"ðŸ“ˆ[Bybit](http://whalebot.co/Bybit) liquidated Short on BTCUSDT @ $116,837.00: Buy $100,830"
393477,2025-09-17T22:36:20+00:00,"ðŸ“ˆ[Bybit](http://whalebot.co/Bybit) liquidated Short on ETHUSDT @ $4,592.62: Buy $50,978"
393476,2025-09-17T22:36:19+00:00,"ðŸ“ˆ[Bybit](http://whalebot.co/Bybit) liquidated Short on XRPUSDT @ $3.10: Buy $64,935"
393475,2025-09-17T22:32:01+00:00,"ðŸ“ˆ[Binance](https://whalebot.co/BinanceFutures) Liquidated Short on ETHUSDC @ $4,591: Buy $82,645"
393474,2025-09-17T22:31:57+00:00,"ðŸ“ˆ[Binance](https://whalebot.co/BinanceFutures) Liquidated Short on ETHUSDT @ $4,584: Buy $259,547"
393473,2025-09-17T22:29:51+00:00,"ðŸ“ˆ[Binance](https://whalebot.co/BinanceFutures) Liquidated Short on DOGEUSDT @ $0.28: Buy $55,447"
393472,2025-09-17T22:29:51+00:00,"ðŸ“ˆ[Binance](https://whalebot.co/BinanceFutures) Liquidated Short on SOLUSDT @ $245: Buy $77,796"
393471,2025-09-17T22:29:50+00:00,"ðŸ“ˆ[Binance](https://whalebot.co/BinanceFutures) Liquidated Short on AVAXUSDT @ $30.73: Buy $67,301"
393470,2025-09-17T22:26:15+00:00,"ðŸ“ˆ[Binance](https://whalebot.co/BinanceFutures) Liquidated Short on BTCUSDC @ $116,721: Buy $128,393"
393469,2025-09-17T22:26:14+00:00,"ðŸ“ˆ[Binance](https://whalebot.co/BinanceFutures) Liquidated Short on BCHUSDC @ $622: Buy $62,190"
393468,2025-09-17T22:26:14+00:00,"ðŸ“ˆ[Binance](https://whalebot.co/BinanceFutures) Liquidated Short on ETHUSDC @ $4,571: Buy $137,124"
393467,2025-09-17T22:26:10+00:00,"ðŸ“ˆ[Bybit](http://whalebot.co/Bybit) liquidated Short on ETHUSDT @ $4,569.78: Buy $66,399"
393466,2025-09-17T22:26:09+00:00,"ðŸ“ˆ[Binance](https://whalebot.co/BinanceFutures) Liquidated Short on BTCUSDT @ $116,574: Buy $65,282"
393465,2025-09-17T22:26:09+00:00,"ðŸ“ˆ[Binance](https://whalebot.co/BinanceFutures) Liquidated Short on BNBUSDT @ $980: Buy $54,875"
393464,2025-09-17T22:23:31+00:00,"ðŸ“ˆ[Binance](https://whalebot.co/BinanceFutures) Liquidated Short on SOLUSDT @ $245: Buy $75,042"
393463,2025-09-17T22:22:48+00:00,"ðŸ“ˆ[Binance](https://whalebot.co/BinanceFutures) Liquidated Short on DOGEUSDT @ $0.28: Buy $294,764"
393462,2025-09-17T22:21:56+00:00,"ðŸ“ˆ[Binance](https://whalebot.co/BinanceFutures) Liquidated Short on BNBUSDT @ $977: Buy $60,654"
393461,2025-09-17T22:15:45+00:00,"ðŸ“ˆ[Binance](https://whalebot.co/BinanceFutures) Liquidated Short on AEROUSDT @ $1.38: Buy $64,100"
393460,2025-09-17T22:13:58+00:00,"ðŸ“ˆ[Bybit](http://whalebot.co/Bybit) liquidated Short on ETHUSDT @ $4,570.88: Buy $684,764"
393459,2025-09-17T22:13:45+00:00,"ðŸ“ˆ[Binance](https://whalebot.co/BinanceFutures) Liquidated Short on BTCUSDC @ $116,751: Buy $50,437"
393458,2025-09-17T22:13:44+00:00,"ðŸ“ˆ[Binance](https://whalebot.co/BinanceFutures) Liquidated Short on ETHUSDT @ $4,563: Buy $64,490"
393457,2025-09-17T22:13:44+00:00,"ðŸ“ˆ[Binance](https://whalebot.co/BinanceFutures) Liquidated Short on ETHUSDC @ $4,567: Buy $72,407"
393456,2025-09-17T22:13:43+00:00,"ðŸ“ˆ[Binance](https://whalebot.co/BinanceFutures) Liquidated Short on ETHUSDT @ $4,563: Buy $90,850"
393455,2025-09-17T22:13:43+00:00,"ðŸ“ˆ[Binance](https://whalebot.co/BinanceFutures) Liquidated Short on BTCUSDT @ $116,680: Buy $54,956"
393454,2025-09-17T22:11:44+00:00,"ðŸ“ˆ[Binance](https://whalebot.co/BinanceFutures) Liquidated Short on WIFUSDT @ $0.97: Buy $170,146"
393453,2025-09-17T22:08:48+00:00,"ðŸ“ˆ[Binance](https://whalebot.co/BinanceFutures) Liquidated Short on BNBUSDC @ $982: Buy $256,201"
393452,2025-09-17T22:08:44+00:00,"ðŸ“‰[Binance](https://whalebot.co/BinanceFutures) Liquidated Long on ETHUSDC @ $4,522: Sell $50,122"
393451,2025-09-17T22:08:43+00:00,"ðŸ“ˆ[Binance](https://whalebot.co/BinanceFutures) Liquidated Short on TRXUSDT @ $0.34: Buy $60,962"
393450,2025-09-17T22:08:43+00:00,"ðŸ“ˆ[Binance](https://whalebot.co/BinanceFutures) Liquidated Short on XRPUSDC @ $3.10: Buy $157,158"
393449,2025-09-17T22:08:43+00:00,"ðŸ“ˆ[Binance](https://whalebot.co/BinanceFutures) Liquidated Short on SOLUSDC @ $246: Buy $395,719"
393448,2025-09-17T22:08:42+00:00,"ðŸ“ˆ[Binance](https://whalebot.co/BinanceFutures) Liquidated Short on BNBUSDC @ $984: Buy $986,970"
393447,2025-09-17T22:07:24+00:00,"ðŸ“ˆ[Bybit](http://whalebot.co/Bybit) liquidated Short on ETHUSDT @ $4,561.50: Buy $207,913"
393446,2025-09-17T22:07:18+00:00,"ðŸ“ˆ[Binance](https://whalebot.co/BinanceFutures) Liquidated Short on DOGEUSDT @ $0.28: Buy $62,322"
393445,2025-09-17T22:04:53+00:00,"ðŸ“ˆ[Binance](https://whalebot.co/BinanceFutures) Liquidated Short on SOLUSDT @ $243: Buy $120,468"
393444,2025-09-17T22:04:52+00:00,"ðŸ“ˆ[Binance](https://whalebot.co/BinanceFutures) Liquidated Short on 1000PEPEUSDT @ $0.01: Buy $202,135"
393443,2025-09-17T22:04:52+00:00,"ðŸ“ˆ[Binance](https://whalebot.co/BinanceFutures) Liquidated Short on DOGEUSDT @ $0.28: Buy $154,192"
393442,2025-09-17T22:04:27+00:00,"ðŸ“ˆ[Binance](https://whalebot.co/BinanceFutures) Liquidated Short on SOLUSDT @ $243: Buy $275,404"
393441,2025-09-17T22:04:25+00:00,"ðŸ“‰[Binance](https://whalebot.co/BinanceFutures) Liquidated Long on ETHUSDT @ $4,512: Sell $112,799"
393440,2025-09-17T22:02:59+00:00,"ðŸ“ˆ[Binance](https://whalebot.co/BinanceFutures) Liquidated Short on BTCUSDT @ $116,597: Buy $62,846"
393439,2025-09-17T21:51:49+00:00,"ðŸ“ˆ[Bybit](http://whalebot.co/Bybit) liquidated Short on ETHUSDT @ $4,560.15: Buy $193,852"
393438,2025-09-17T21:46:48+00:00,"ðŸ“ˆ[Bybit](http://whalebot.co/Bybit) liquidated Short on BTCUSDT @ $116,540.90: Buy $454,510"
393437,2025-09-17T21:46:28+00:00,"ðŸ“ˆ[Binance](https://whalebot.co/BinanceFutures) Liquidated Short on PENGUUSDT @ $0.04: Buy $57,296"
393436,2025-09-17T21:44:44+00:00,"ðŸ“ˆ[Binance](https://whalebot.co/BinanceFutures) Liquidated Short on BTCUSDT @ $116,370: Buy $50,039"
393435,2025-09-17T21:16:18+00:00,"ðŸ“ˆ[Binance](https://whalebot.co/BinanceFutures) Liquidated Short on DOGEUSDT @ $0.27: Buy $74,471"
393434,2025-09-17T21:15:03+00:00,"ðŸ“ˆ[Binance](https://whalebot.co/BinanceFutures) Liquidated Short on DOGEUSDT @ $0.27: Buy $68,019"
393433,2025-09-17T21:12:54+00:00,"ðŸ“ˆ[Binance](https://whalebot.co/BinanceFutures) Liquidated Short on BTCUSDT @ $115,986: Buy $96,152"
393432,2025-09-17T21:05:44+00:00,"ðŸ“‰[Binance](https://whalebot.co/BinanceFutures) Liquidated Long on BTCUSDT @ $114,806: Sell $58,092"
393431,2025-09-17T21:04:59+00:00,"ðŸ“‰[Bybit](http://whalebot.co/Bybit) liquidated Long on XRPUSDT @ $2.9827: Sell $80,983"
393430,2025-09-17T21:04:59+00:00,"ðŸ“‰[Bybit](http://whalebot.co/Bybit) liquidated Long on DOGEUSDT @ $0.2651: Sell $55,816"
393429,2025-09-17T21:04:55+00:00,"ðŸ“‰[Bybit](http://whalebot.co/Bybit) liquidated Long on WIFUSDT @ $0.9149: Sell $92,368"
393428,2025-09-17T21:04:55+00:00,"ðŸ“‰[Bybit](http://whalebot.co/Bybit) liquidated Long on SOLUSDT @ $234.69: Sell $72,848"
393427,2025-09-17T21:04:54+00:00,"ðŸ“‰[Bybit](http://whalebot.co/Bybit) liquidated Long on BTCUSDT @ $114,781.70: Sell $585,387"
393426,2025-09-17T21:04:51+00:00,"ðŸ“‰[Binance](https://whalebot.co/BinanceFutures) Liquidated Long on TIAUSDT @ $1.69: Sell $74,938"
393425,2025-09-17T21:04:51+00:00,"ðŸ“‰[Binance](https://whalebot.co/BinanceFutures) Liquidated Long on ENAUSDT @ $0.69: Sell $69,793"
393424,2025-09-17T21:02:58+00:00,"ðŸ“ˆ[Binance](https://whalebot.co/BinanceFutures) Liquidated Short on ENAUSDC @ $0.71: Buy $56,787"
393423,2025-09-17T21:02:20+00:00,"ðŸ“‰[Binance](https://whalebot.co/BinanceFutures) Liquidated Long on SOLUSDT @ $236: Sell $98,045"
393422,2025-09-17T21:02:20+00:00,"ðŸ“‰[Binance](https://whalebot.co/BinanceFutures) Liquidated Long on ETHUSDT @ $4,476: Sell $98,593"
393421,2025-09-17T21:01:28+00:00,"ðŸ“‰[Bybit](http://whalebot.co/Bybit) liquidated Long on SUIUSDT @ $3.6008: Sell $70,504"
393420,2025-09-17T21:00:45+00:00,"ðŸ“‰[Binance](https://whalebot.co/BinanceFutures) Liquidated Long on SOLUSDT @ $236: Sell $132,891"
393419,2025-09-17T20:54:55+00:00,"ðŸ“‰[Binance](https://whalebot.co/BinanceFutures) Liquidated Long on LINKUSDT @ $23.24: Sell $101,277"
393418,2025-09-17T20:38:42+00:00,"ðŸ“‰[Binance](https://whalebot.co/BinanceFutures) Liquidated Long on DOGEUSDT @ $0.27: Sell $59,338"
393417,2025-09-17T20:38:38+00:00,"ðŸ“‰[Binance](https://whalebot.co/BinanceFutures) Liquidated Long on ETHUSDT @ $4,484: Sell $446,192"
393416,2025-09-17T20:17:21+00:00,"ðŸ“ˆ[Binance](https://whalebot.co/BinanceFutures) Liquidated Short on WUSDT @ $0.10: Buy $58,962"
393415,2025-09-17T20:13:06+00:00,"ðŸ“ˆ[Binance](https://whalebot.co/BinanceFutures) Liquidated Short on PUMPUSDT @ $0.01: Buy $713,550"
393414,2025-09-17T20:12:49+00:00,"ðŸ“ˆ[Binance](https://whalebot.co/BinanceFutures) Liquidated Short on BTCUSDT @ $116,507: Buy $66,292"
393413,2025-09-17T20:12:22+00:00,"ðŸ“ˆ[Binance](https://whalebot.co/BinanceFutures) Liquidated Short on SOLUSDT @ $242: Buy $254,995"
393412,2025-09-17T20:09:34+00:00,"ðŸ“ˆ[Binance](https://whalebot.co/BinanceFutures) Liquidated Short on ETHUSDT @ $4,550: Buy $180,735"
393411,2025-09-17T20:09:09+00:00,"ðŸ“ˆ[Binance](https://whalebot.co/BinanceFutures) Liquidated Short on ETHUSDT @ $4,549: Buy $468,555"
393410,2025-09-17T20:08:22+00:00,"ðŸ“ˆ[Bybit](http://whalebot.co/Bybit) liquidated Short on XRPUSDT @ $3.07: Buy $137,807"
393409,2025-09-17T20:07:40+00:00,"ðŸ“ˆ[Binance](https://whalebot.co/BinanceFutures) Liquidated Short on BTCUSDT @ $116,266: Buy $169,516"
393408,2025-09-17T20:04:28+00:00,"ðŸ“ˆ[Binance](https://whalebot.co/BinanceFutures) Liquidated Short on SOLUSDT @ $241: Buy $107,677"
393407,2025-09-17T20:01:22+00:00,"ðŸ“ˆ[Binance](https://whalebot.co/BinanceFutures) Liquidated Short on FARTCOINUSDT @ $0.89: Buy $147,643"
393406,2025-09-17T20:01:12+00:00,"ðŸ“ˆ[Binance](https://whalebot.co/BinanceFutures) Liquidated Short on SOLUSDT @ $240: Buy $69,235"
393402,2025-09-17T19:45:48+00:00,"ðŸ“‰[Bybit](http://whalebot.co/Bybit) liquidated Long on DOGEUSDT @ $0.2701: Sell $72,488"
393401,2025-09-17T19:42:52+00:00,"ðŸ“ˆ[Binance](https://whalebot.co/BinanceFutures) Liquidated Short on ONDOUSDT @ $1.06: Buy $190,113"
393400,2025-09-17T19:42:52+00:00,"ðŸ“ˆ[Binance](https://whalebot.co/BinanceFutures) Liquidated Short on ADAUSDT @ $0.89: Buy $65,070"
393399,2025-09-17T19:42:52+00:00,"ðŸ“ˆ[Binance](https://whalebot.co/BinanceFutures) Liquidated Short on DOGEUSDT @ $0.28: Buy $51,650"
393398,2025-09-17T19:42:51+00:00,"ðŸ“ˆ[Binance](https://whalebot.co/BinanceFutures) Liquidated Short on 1000PEPEUSDT @ $0.01: Buy $62,074"
393397,2025-09-17T19:37:06+00:00,"ðŸ“ˆ[Binance](https://whalebot.co/BinanceFutures) Liquidated Short on ZKCUSDT @ $0.78: Buy $50,642"
393396,2025-09-17T19:37:02+00:00,"ðŸ“ˆ[Binance](https://whalebot.co/BinanceFutures) Liquidated Short on NEARUSDT @ $2.80: Buy $178,144"
393395,2025-09-17T19:25:57+00:00,"ðŸ“ˆ[Binance](https://whalebot.co/BinanceFutures) Liquidated Short on ETHUSDT @ $4,527: Buy $50,999"
393394,2025-09-17T19:25:57+00:00,"ðŸ“ˆ[Binance](https://whalebot.co/BinanceFutures) Liquidated Short on BTCUSDT @ $116,356: Buy $64,694"
393393,2025-09-17T19:25:42+00:00,"ðŸ“ˆ[Binance](https://whalebot.co/BinanceFutures) Liquidated Short on BTCUSDT @ $116,312: Buy $75,719"
393392,2025-09-17T19:25:37+00:00,"ðŸ“ˆ[Binance](https://whalebot.co/BinanceFutures) Liquidated Short on ETHUSDT @ $4,525: Buy $90,506"
393391,2025-09-17T19:17:28+00:00,"ðŸ“ˆ[Bybit](http://whalebot.co/Bybit) liquidated Short on 1000BONKUSDT @ $0.0247: Buy $56,712"
393390,2025-09-17T19:07:17+00:00,"ðŸ“ˆ[Binance](https://whalebot.co/BinanceFutures) Liquidated Short on BTCUSDT @ $116,146: Buy $123,115"
393389,2025-09-17T19:07:16+00:00,"ðŸ“ˆ[Bybit](http://whalebot.co/Bybit) liquidated Short on BTCUSDT @ $116,295.20: Buy $239,103"
393388,2025-09-17T19:07:11+00:00,"ðŸ“ˆ[Binance](https://whalebot.co/BinanceFutures) Liquidated Short on ETHUSDT @ $4,511: Buy $119,182"
393387,2025-09-17T19:05:34+00:00,"ðŸ“ˆ[Binance](https://whalebot.co/BinanceFutures) Liquidated Short on ETHUSDT @ $4,500: Buy $97,815"
393386,2025-09-17T19:05:26+00:00,"ðŸ“ˆ[Binance](https://whalebot.co/BinanceFutures) Liquidated Short on PUMPUSDT @ $0.01: Buy $178,361"
393385,2025-09-17T19:01:50+00:00,"ðŸ“ˆ[Binance](https://whalebot.co/BinanceFutures) Liquidated Short on BTCUSDT @ $115,703: Buy $57,851"
393384,2025-09-17T19:01:50+00:00,"ðŸ“ˆ[Bybit](http://whalebot.co/Bybit) liquidated Short on ETHUSDT @ $4,493.59: Buy $103,532"
393383,2025-09-17T19:00:44+00:00,"ðŸ“ˆ[Binance](https://whalebot.co/BinanceFutures) Liquidated Short on ETHUSDT @ $4,481: Buy $53,776"
393382,2025-09-17T19:00:19+00:00,"ðŸ“ˆ[Bybit](http://whalebot.co/Bybit) liquidated Short on ADAUSDT @ $0.8740: Buy $110,758"
393381,2025-09-17T18:58:30+00:00,"ðŸ“ˆ[Binance](https://whalebot.co/BinanceFutures) Liquidated Short on ETHUSDT @ $4,468: Buy $83,083"
393380,2025-09-17T18:55:49+00:00,"ðŸ“ˆ[Binance](https://whalebot.co/BinanceFutures) Liquidated Short on BTCUSDT @ $115,549: Buy $292,571"
393379,2025-09-17T18:55:37+00:00,"ðŸ“ˆ[Binance](https://whalebot.co/BinanceFutures) Liquidated Short on ETHUSDT @ $4,455: Buy $65,407"
393378,2025-09-17T18:47:43+00:00,"ðŸ“ˆ[Binance](https://whalebot.co/BinanceFutures) Liquidated Short on BTCUSDT @ $115,612: Buy $73,645"
393377,2025-09-17T18:47:42+00:00,"ðŸ“ˆ[Bybit](http://whalebot.co/Bybit) liquidated Short on DOGEUSDT @ $0.2646: Buy $231,890"
393376,2025-09-17T18:46:26+00:00,"ðŸ“‰[Binance](https://whalebot.co/BinanceFutures) Liquidated Long on DOGEUSDT @ $0.26: Sell $96,848"
393375,2025-09-17T18:45:54+00:00,"ðŸ“‰[Binance](https://whalebot.co/BinanceFutures) Liquidated Long on APTUSDT @ $4.31: Sell $56,284"
393374,2025-09-17T18:45:29+00:00,"ðŸ“‰[Bybit](http://whalebot.co/Bybit) liquidated Long on BTCUSDT @ $114,144.50: Sell $63,350"
393373,2025-09-17T18:45:29+00:00,"ðŸ“‰[Binance](https://whalebot.co/BinanceFutures) Liquidated Long on ETHUSDC @ $4,415: Sell $198,944"
393372,2025-09-17T18:45:27+00:00,"ðŸ“‰[Binance](https://whalebot.co/BinanceFutures) Liquidated Long on BTCUSDT @ $114,256: Sell $145,562"
393371,2025-09-17T18:45:22+00:00,"ðŸ“‰[Binance](https://whalebot.co/BinanceFutures) Liquidated Long on BTCUSDT @ $114,284: Sell $84,227"
393370,2025-09-17T18:45:22+00:00,"ðŸ“‰[Binance](https://whalebot.co/BinanceFutures) Liquidated Long on SOLUSDT @ $232: Sell $231,570"
393369,2025-09-17T18:45:21+00:00,"ðŸ“‰[Bybit](http://whalebot.co/Bybit) liquidated Long on BTCUSDT @ $114,184.80: Sell $456,739"
393368,2025-09-17T18:45:21+00:00,"ðŸ“‰[Bybit](http://whalebot.co/Bybit) liquidated Long on BNBUSDT @ $941.10: Sell $197,979"
393367,2025-09-17T18:45:21+00:00,"ðŸ“‰[Binance](https://whalebot.co/BinanceFutures) Liquidated Long on SUIUSDT @ $3.52: Sell $97,478"
393366,2025-09-17T18:45:15+00:00,"ðŸ“‰[Binance](https://whalebot.co/BinanceFutures) Liquidated Long on UNIUSDT @ $9.07: Sell $53,649"
393365,2025-09-17T18:45:14+00:00,"ðŸ“‰[Binance](https://whalebot.co/BinanceFutures) Liquidated Long on WLFIUSDT @ $0.21: Sell $95,345"
393364,2025-09-17T18:45:14+00:00,"ðŸ“‰[Bybit](http://whalebot.co/Bybit) liquidated Long on XRPUSDT @ $2.9675: Sell $93,325"
393363,2025-09-17T18:45:14+00:00,"ðŸ“‰[Bybit](http://whalebot.co/Bybit) liquidated Long on ETHUSDT @ $4,412.13: Sell $202,429"
393362,2025-09-17T18:45:13+00:00,"ðŸ“‰[Binance](https://whalebot.co/BinanceFutures) Liquidated Long on LINKUSDT @ $22.62: Sell $62,426"
393361,2025-09-17T18:44:44+00:00,"ðŸ“‰[Binance](https://whalebot.co/BinanceFutures) Liquidated Long on ETHUSDT @ $4,419: Sell $147,471"
393360,2025-09-17T18:44:34+00:00,"ðŸ“‰[Bybit](http://whalebot.co/Bybit) liquidated Long on BTCUSDT @ $114,351.30: Sell $145,912"
393359,2025-09-17T18:44:33+00:00,"ðŸ“‰[Bybit](http://whalebot.co/Bybit) liquidated Long on ETHUSDT @ $4,415.34: Sell $292,737"
393358,2025-09-17T18:44:28+00:00,"ðŸ“‰[Binance](https://whalebot.co/BinanceFutures) Liquidated Long on DOGEUSDT @ $0.26: Sell $78,724"
393357,2025-09-17T18:44:26+00:00,"ðŸ“‰[Bybit](http://whalebot.co/Bybit) liquidated Long on XRPUSDT @ $2.9701: Sell $117,524"
393356,2025-09-17T18:44:16+00:00,"ðŸ“‰[Binance](https://whalebot.co/BinanceFutures) Liquidated Long on BTCUSDT @ $114,539: Sell $88,768"
393355,2025-09-17T18:42:21+00:00,"ðŸ“‰[Binance](https://whalebot.co/BinanceFutures) Liquidated Long on DOGEUSDC @ $0.26: Sell $54,517"
393354,2025-09-17T18:42:15+00:00,"ðŸ“‰[Bybit](http://whalebot.co/Bybit) liquidated Long on BTCUSDT @ $114,524.20: Sell $191,141"
393353,2025-09-17T18:37:16+00:00,"ðŸ“‰[Binance](https://whalebot.co/BinanceFutures) Liquidated Long on ETHUSDT @ $4,435: Sell $83,053"
393352,2025-09-17T18:35:27+00:00,"ðŸ“‰[Binance](https://whalebot.co/BinanceFutures) Liquidated Long on FARTCOINUSDT @ $0.82: Sell $196,584"
393351,2025-09-17T18:35:22+00:00,"ðŸ“‰[Bybit](http://whalebot.co/Bybit) liquidated Long on ETHUSDT @ $4,432.53: Sell $85,991"
393350,2025-09-17T18:32:22+00:00,"ðŸ“‰[Bybit](http://whalebot.co/Bybit) liquidated Long on ETHUSDT @ $4,439.67: Sell $89,593"
393349,2025-09-17T18:32:19+00:00,"ðŸ“‰[Binance](https://whalebot.co/BinanceFutures) Liquidated Long on BTCUSDT @ $115,055: Sell $53,156"
393348,2025-09-17T18:30:33+00:00,"ðŸ“ˆ[Binance](https://whalebot.co/BinanceFutures) Liquidated Short on TSTUSDT @ $0.06: Buy $53,498"
393347,2025-09-17T18:30:03+00:00,"ðŸ“‰[Binance](https://whalebot.co/BinanceFutures) Liquidated Long on ETHUSDT @ $4,475: Sell $751,847"
393346,2025-09-17T18:28:03+00:00,"ðŸ“ˆ[Binance](https://whalebot.co/BinanceFutures) Liquidated Short on BTCUSDT @ $116,370: Buy $99,030"
393345,2025-09-17T18:27:49+00:00,"ðŸ“ˆ[Bybit](http://whalebot.co/Bybit) liquidated Short on BTCUSDT @ $116,476.20: Buy $124,630"
393344,2025-09-17T18:23:44+00:00,"ðŸ“ˆ[Binance](https://whalebot.co/BinanceFutures) Liquidated Short on BTCUSDT @ $116,144: Buy $122,067"
393343,2025-09-17T18:17:02+00:00,"ðŸ“ˆ[Bybit](http://whalebot.co/Bybit) liquidated Short on ETHUSDT @ $4,493.95: Buy $541,251"
393342,2025-09-17T18:16:04+00:00,"ðŸ“‰[Okx](http://whalebot.co/okx) Liquidated Long on BTCUSD @ $114,427: sell $331,500"
393341,2025-09-17T18:15:33+00:00,"ðŸ“‰[Bybit](http://whalebot.co/Bybit) liquidated Long on BTCUSDT @ $114,387.70: Sell $112,443"
393340,2025-09-17T18:15:23+00:00,"ðŸ“‰[Bybit](http://whalebot.co/Bybit) liquidated Long on BTCUSDT @ $114,536.00: Sell $91,629"
393339,2025-09-17T18:15:23+00:00,"ðŸ“‰[Bybit](http://whalebot.co/Bybit) liquidated Long on SOLUSDT @ $231.96: Sell $57,990"
393338,2025-09-17T18:15:19+00:00,"ðŸ“‰[Bybit](http://whalebot.co/Bybit) liquidated Long on DOGEUSDT @ $0.2611: Sell $75,536"
393337,2025-09-17T18:15:19+00:00,"ðŸ“‰[Bybit](http://whalebot.co/Bybit) liquidated Long on XRPUSDT @ $2.9883: Sell $54,525"
393336,2025-09-17T18:13:57+00:00,"ðŸ“‰[Binance](https://whalebot.co/BinanceFutures) Liquidated Long on DOGEUSDT @ $0.26: Sell $52,948"
393335,2025-09-17T18:13:41+00:00,"ðŸ“‰[Bybit](http://whalebot.co/Bybit) liquidated Long on XRPUSDT @ $2.9961: Sell $89,368"
393334,2025-09-17T18:13:39+00:00,"ðŸ“‰[Binance](https://whalebot.co/BinanceFutures) Liquidated Long on SOLUSDT @ $233: Sell $116,695"
393333,2025-09-17T18:13:31+00:00,"ðŸ“‰[Bybit](http://whalebot.co/Bybit) liquidated Long on SUIUSDT @ $3.5467: Sell $188,082"
393332,2025-09-17T18:13:29+00:00,"ðŸ“‰[Binance](https://whalebot.co/BinanceFutures) Liquidated Long on BTCUSDT @ $115,017: Sell $57,508"
393331,2025-09-17T18:13:29+00:00,"ðŸ“‰[Binance](https://whalebot.co/BinanceFutures) Liquidated Long on SOLUSDT @ $234: Sell $116,815"
393330,2025-09-17T18:13:21+00:00,"ðŸ“‰[Binance](https://whalebot.co/BinanceFutures) Liquidated Long on ETHUSDT @ $4,439: Sell $2,688,571"
393329,2025-09-17T18:10:07+00:00,"ðŸ“‰[Bybit](http://whalebot.co/Bybit) liquidated Long on ETHUSDT @ $4,457.28: Sell $52,952"
393328,2025-09-17T18:10:06+00:00,"ðŸ“‰[Binance](https://whalebot.co/BinanceFutures) Liquidated Long on ETHUSDT @ $4,466: Sell $55,133"
393327,2025-09-17T18:08:00+00:00,"ðŸ“‰[Bybit](http://whalebot.co/Bybit) liquidated Long on ETHUSDT @ $4,458.38: Sell $132,904"
393326,2025-09-17T18:07:43+00:00,"ðŸ“‰[Binance](https://whalebot.co/BinanceFutures) Liquidated Long on ETHUSDT @ $4,466: Sell $79,384"
393325,2025-09-17T18:04:20+00:00,"ðŸ“ˆ[Binance](https://whalebot.co/BinanceFutures) Liquidated Short on ONDOUSDT @ $1.05: Buy $127,848"
393324,2025-09-17T18:04:20+00:00,"ðŸ“ˆ[Binance](https://whalebot.co/BinanceFutures) Liquidated Short on BTCUSDT @ $116,558: Buy $55,831"
393323,2025-09-17T18:03:31+00:00,"ðŸ“ˆ[Binance](https://whalebot.co/BinanceFutures) Liquidated Short on INJUSDT @ $14.09: Buy $70,437"
393322,2025-09-17T18:03:20+00:00,"ðŸ“ˆ[Binance](https://whalebot.co/BinanceFutures) Liquidated Short on ETHUSDC @ $4,522: Buy $227,241"
